Workbook

Sheet Read me
A1: Estimate upload template — fixture EST6120638
A2: Second fixture. Column meanings are in the 67 Elm Street template's Read me; this sheet holds only the checks.
A3: Work areas 6, 7, 10 and 20–23 are omitted (kept = N): the seven rows the contract excludes, 186,727.99. Kept work areas total 366,889.80, the contract total.
A4: Change orders 24–32 are named 'C/O …'; 26–30 are priced 0.00 and carry no cost lines. Coded as an LS (landscape) estimate.
A5: Every cost line is a placeholder on 190 (LS Other) carrying the estimating system's one cost figure per work area; the owner replaces each with lines by cost code. Until then the estimate is under EST_NO_CATEGORY_SPLIT in spirit: the split is not real.
A7: Control checks
A8: estimate_id | B8: price on 'Estimates' | C8: kept work-area prices | D8: difference | E8: cost lines total | F8: kept, priced work areas without a cost line
A9: =Estimates!A2 -> EST6120638 | B9: =Estimates!G2 -> 366889.8 | C9: =SUMIFS('Work areas'!E:E,'Work areas'!A:A,A9,'Work areas'!C:C,"Y") -> 366889.8 | D9: =B9-C9 -> 0 | E9: =SUMIFS('Estimate costs'!E:E,'Estimate costs'!A:A,A9) -> 212639.82 | F9: =SUMPRODUCT(('Work areas'!A2:A200=A9)*('Work areas'!C2:C200="Y")*('Work areas'!E2:E200>0)*(COUNTIFS('Estimate costs'!A:A,A9,'Estimate costs'!B:B,'Work areas'!B2:B200)=0)) -> 0
A11: Estimated cost by cost category (kept work areas), D-04 treatment
A12: cost_code | B12: cost category | C12: amount | D12: in WIP basis (D-04)
A13: 110 | B13: Labor | C13: =SUMIFS('Estimate costs'!E:E,'Estimate costs'!C:C,A13) -> 0 | D13: Yes
A14: 120 | B14: Labor Burden | C14: =SUMIFS('Estimate costs'!E:E,'Estimate costs'!C:C,A14) -> 0 | D14: Not decided (D-05)
A15: 130 | B15: Materials | C15: =SUMIFS('Estimate costs'!E:E,'Estimate costs'!C:C,A15) -> 0 | D15: Yes
A16: 135 | B16: Supplies | C16: =SUMIFS('Estimate costs'!E:E,'Estimate costs'!C:C,A16) -> 0 | D16: Yes
A17: 140 | B17: Subcontractors | C17: =SUMIFS('Estimate costs'!E:E,'Estimate costs'!C:C,A17) -> 0 | D17: Yes
A18: 145 | B18: Equipment (owned) | C18: =SUMIFS('Estimate costs'!E:E,'Estimate costs'!C:C,A18) -> 0 | D18: No
A19: 147 | B19: Vehicles (owned) | C19: =SUMIFS('Estimate costs'!E:E,'Estimate costs'!C:C,A19) -> 0 | D19: No
A20: 150 | B20: Equipment Rental | C20: =SUMIFS('Estimate costs'!E:E,'Estimate costs'!C:C,A20) -> 0 | D20: Yes
A21: 155 | B21: Equipment Maintenance | C21: =SUMIFS('Estimate costs'!E:E,'Estimate costs'!C:C,A21) -> 0 | D21: No
A22: 160 | B22: Disposal | C22: =SUMIFS('Estimate costs'!E:E,'Estimate costs'!C:C,A22) -> 0 | D22: Yes
A23: 165 | B23: Fuel | C23: =SUMIFS('Estimate costs'!E:E,'Estimate costs'!C:C,A23) -> 0 | D23: No
A24: 170 | B24: Permits & Bonds | C24: =SUMIFS('Estimate costs'!E:E,'Estimate costs'!C:C,A24) -> 0 | D24: Yes
... A26: 190 | B26: Other | C26: =SUMIFS('Estimate costs'!E:E,'Estimate costs'!C:C,A26) -> 212639.82 | D26: Yes
B27: Total estimated cost | C27: =SUM(C13:C26) -> 212639.82

Sheet Estimates
A1: estimate_id | B1: estimator | C1: client | D1: jobsite | E1: name | F1: status | G1: price | H1: estimate_date
A2: EST6120638 | B2: Stephanie Sanford | E2: Residential landscape, terrace and walls | F2: Sold | G2: 366889.8

Sheet Work areas
A1: estimate_id | B1: order | C1: kept | D1: name | E1: price | F1: notes
A2: EST6120638 | B2: 1 | C2: Y | D2: MOBILIZATION | E2: 6138.67
A3: EST6120638 | B3: 2 | C3: Y | D3: FRONT SLOPE SECUREMENT 6-3-26 | E3: 23221.63
A4: EST6120638 | B4: 3 | C4: Y | D4: TEMP IRRIGATION 6-24-26 | E4: 1512.01
A5: EST6120638 | B5: 4 | C5: Y | D5: ELECTRICAL CONDUIT FOR SHED & GENERATOR | E5: 1527.69
A6: EST6120638 | B6: 5 | C6: Y | D6: MOVING EXISTING GRANITE DECK STEPS | E6: 251.48
A7: EST6120638 | B7: 6 | C7: N | D7: TERRACE | E7: 33134.97
A8: EST6120638 | B8: 7 | C8: N | D8: TERRACE BLUESTONE OPTION | E8: 31073.21
A9: EST6120638 | B9: 8 | C9: Y | D9: TERRACE LANDINGS | E9: 6936.37
A10: EST6120638 | B10: 9 | C10: Y | D10: TERRACE LANDINGS BLUESTONE OPTION | E10: 6245.09
A11: EST6120638 | B11: 10 | C11: N | D11: TERRACE 8' GRANITE STEPS | E11: 14007.71
A12: EST6120638 | B12: 11 | C12: Y | D12: TERRACE STAIRCASE BOULDER SUPPORT WALLS | E12: 13034.74
A13: EST6120638 | B13: 12 | C13: Y | D13: RELOCATE & EXTEND BOULDER WALL BY BASEMENT | E13: 7128.5
... A33: EST6120638 | B33: 32 | C33: Y | D33: C/O Extend Bluestone Terrace To 25x28 | E33: 36343.65

Sheet Estimate costs
A1: estimate_id | B1: order | C1: cost_code | D1: hours | E1: amount | F1: notes
A2: EST6120638 | B2: 1 | C2: 190 | D2: 18 | E2: 4312.06 | F2: PLACEHOLDER: LMN work-area cost, not split by code; owner splits from LMN item detail
A3: EST6120638 | B3: 2 | C3: 190 | D3: 68.83 | E3: 13616.27 | F3: PLACEHOLDER: LMN work-area cost, not split by code; owner splits from LMN item detail
A4: EST6120638 | B4: 3 | C4: 190 | D4: 1 | E4: 717.54 | F4: PLACEHOLDER: LMN work-area cost, not split by code; owner splits from LMN item detail
A5: EST6120638 | B5: 4 | C5: 190 | D5: 9 | E5: 845.76 | F5: PLACEHOLDER: LMN work-area cost, not split by code; owner splits from LMN item detail
A6: EST6120638 | B6: 5 | C6: 190 | D6: 2.25 | E6: 135.16 | F6: PLACEHOLDER: LMN work-area cost, not split by code; owner splits from LMN item detail
A7: EST6120638 | B7: 8 | C7: 190 | D7: 18 | E7: 4153.15 | F7: PLACEHOLDER: LMN work-area cost, not split by code; owner splits from LMN item detail
A8: EST6120638 | B8: 9 | C8: 190 | D8: 18 | E8: 3728.15 | F8: PLACEHOLDER: LMN work-area cost, not split by code; owner splits from LMN item detail
A9: EST6120638 | B9: 11 | C9: 190 | D9: 72 | E9: 7484.54 | F9: PLACEHOLDER: LMN work-area cost, not split by code; owner splits from LMN item detail
A10: EST6120638 | B10: 12 | C10: 190 | D10: 36 | E10: 4140.02 | F10: PLACEHOLDER: LMN work-area cost, not split by code; owner splits from LMN item detail
A11: EST6120638 | B11: 13 | C11: 190 | D11: 54 | E11: 6975.34 | F11: PLACEHOLDER: LMN work-area cost, not split by code; owner splits from LMN item detail
A12: EST6120638 | B12: 14 | C12: 190 | D12: 13.5 | E12: 2464.18 | F12: PLACEHOLDER: LMN work-area cost, not split by code; owner splits from LMN item detail
A13: EST6120638 | B13: 15 | C13: 190 | D13: 18 | E13: 2158.96 | F13: PLACEHOLDER: LMN work-area cost, not split by code; owner splits from LMN item detail
A14: EST6120638 | B14: 16 | C14: 190 | D14: 13.5 | E14: 1197.18 | F14: PLACEHOLDER: LMN work-area cost, not split by code; owner splits from LMN item detail
A15: EST6120638 | B15: 17 | C15: 190 | E15: 23468 | F15: PLACEHOLDER: LMN work-area cost, not split by code; owner splits from LMN item detail
A16: EST6120638 | B16: 18 | C16: 190 | D16: 630 | E16: 93915.59 | F16: PLACEHOLDER: LMN work-area cost, not split by code; owner splits from LMN item detail
A17: EST6120638 | B17: 19 | C17: 190 | D17: 18 | E17: 4494.98 | F17: PLACEHOLDER: LMN work-area cost, not split by code; owner splits from LMN item detail
A18: EST6120638 | B18: 24 | C18: 190 | D18: 90 | E18: 10373.61 | F18: PLACEHOLDER: LMN work-area cost, not split by code; owner splits from LMN item detail
A19: EST6120638 | B19: 25 | C19: 190 | D19: 40.5 | E19: 7008.41 | F19: PLACEHOLDER: LMN work-area cost, not split by code; owner splits from LMN item detail
A20: EST6120638 | B20: 31 | C20: 190 | E20: 260 | F20: PLACEHOLDER: LMN work-area cost, not split by code; owner splits from LMN item detail
A21: EST6120638 | B21: 32 | C21: 190 | D21: 121.5 | E21: 21190.92 | F21: PLACEHOLDER: LMN work-area cost, not split by code; owner splits from LMN item detail
